,stateid,weekid,dose1,dose2
0,AP,1,4216,0
1,AP,2,66164,0
2,AP,3,63191,0
3,AP,4,112367,0
4,AP,5,67569,6233
5,AP,6,100311,81237
6,AP,7,122137,50342
7,AP,8,117103,45307
8,AP,9,195605,54193
9,AP,10,445838,61917
10,AP,11,667934,73728
11,AP,12,604379,47066
12,AP,13,714537,101863
13,AP,14,728589,76034
14,AP,15,533378,528629
15,AP,16,631642,392788
16,AP,17,261632,454871
17,AP,18,48122,193005
18,AP,19,79646,180783
19,AP,20,1710375,133539
20,AP,21,956613,90939
21,AP,22,1025779,47528
22,AP,23,593828,32276
23,AP,24,2069992,254321
24,AP,25,1251921,361815
25,AP,26,299752,204683
26,AP,27,1035127,644884
27,AP,28,402582,537279
28,AP,29,1186472,917332
29,AP,30,1380322,567504
30,AP,31,1039018,345116
31,AR,1,81,0
32,AR,2,2365,0
33,AR,3,4045,0
34,AR,4,2797,0
35,AR,5,3963,456
36,AR,6,6767,3764
37,AR,7,5885,2742
38,AR,8,11346,2690
39,AR,9,8860,2904
40,AR,10,10377,3944
41,AR,11,11366,3469
42,AR,12,10262,2651
43,AR,13,23642,6926
44,AR,14,32191,7263
45,AR,15,28718,9706
46,AR,16,27245,9099
47,AR,17,17836,14280
48,AR,18,11013,7987
49,AR,19,26396,191
50,AR,20,9292,198
51,AR,21,39729,330
52,AR,22,37188,429
53,AR,23,67181,593
54,AR,24,71623,1717
55,AR,25,64082,8122
56,AR,26,55752,22204
57,AR,27,37351,24789
58,AR,28,25971,22686
59,AR,29,17741,15395
60,AR,30,16958,8849
61,AR,31,12954,16353
62,AS,1,401,0
63,AS,2,3660,0
64,AS,3,26512,0
65,AS,4,47925,0
66,AS,5,43552,2006
67,AS,6,31279,8584
68,AS,7,42047,17168
69,AS,8,148225,24810
70,AS,9,126257,31299
71,AS,10,87796,24516
72,AS,11,332813,33017
73,AS,12,140106,32003
74,AS,13,205557,76554
75,AS,14,59332,40762
76,AS,15,297490,122152
77,AS,16,427578,140664
78,AS,17,325788,103004
79,AS,18,285358,74338
80,AS,19,306857,46646
81,AS,20,308167,49656
82,AS,21,220749,20593
83,AS,22,374072,69556
84,AS,23,427672,138079
85,AS,24,1389486,127319
86,AS,25,643862,111854
87,AS,26,263231,50524
88,AS,27,671272,181569
89,AS,28,720674,184910
90,AS,29,751281,217665
91,AS,30,1480218,220949
92,AS,31,1240836,292703
93,BR,1,2967,0
94,BR,2,35442,0
95,BR,3,67342,0
96,BR,4,224576,0
97,BR,5,121379,55
98,BR,6,67654,38347
99,BR,7,39961,39826
100,BR,8,84363,106740
101,BR,9,429095,107410
102,BR,10,379926,75699
103,BR,11,637591,40374
104,BR,12,672940,24127
105,BR,13,1190747,104666
106,BR,14,941202,145577
107,BR,15,585058,199000
108,BR,16,448482,237224
109,BR,17,375673,359313
110,BR,18,875670,211098
111,BR,19,612349,40111
112,BR,20,638997,43592
113,BR,21,652055,65897
114,BR,22,948946,67327
115,BR,23,1439227,131631
116,BR,24,2036374,137168
117,BR,25,1215113,220262
118,BR,26,1158201,278383
119,BR,27,1671900,436012
120,BR,28,1098865,293284
121,BR,29,1899663,487583
122,BR,30,2393761,508959
123,BR,31,2221859,459602
124,CH,1,120,0
125,CH,2,670,0
126,CH,3,1416,0
127,CH,4,1652,0
128,CH,5,2851,117
129,CH,6,3670,629
130,CH,7,6548,894
131,CH,8,10599,1513
132,CH,9,10773,2549
133,CH,10,9532,3134
134,CH,11,7357,2411
135,CH,12,19340,2062
136,CH,13,22216,4955
137,CH,14,20990,7256
138,CH,15,20260,11207
139,CH,16,25605,12890
140,CH,17,23846,13379
141,CH,18,23717,10676
142,CH,19,26558,950
143,CH,20,27027,232
144,CH,21,38028,244
145,CH,22,22874,633
146,CH,23,47250,1427
147,CH,24,44405,4400
148,CH,25,39330,13394
149,CH,26,33578,20091
150,CH,27,48697,22202
151,CH,28,38004,30968
152,CH,29,45069,26949
153,CH,30,64627,23069
154,CH,31,46970,26120
155,CT,1,1001,0
156,CT,2,10862,0
157,CT,3,44729,0
158,CT,4,95417,0
159,CT,5,94083,841
160,CT,6,92098,19581
161,CT,7,35240,30549
162,CT,8,133808,68503
163,CT,9,186249,70839
164,CT,10,376762,76392
165,CT,11,346289,37823
166,CT,12,868490,30943
167,CT,13,1394756,67377
168,CT,14,644864,86564
169,CT,15,332694,108307
170,CT,16,153667,140814
171,CT,17,81557,138946
172,CT,18,99283,193632
173,CT,19,33664,11220
174,CT,20,33832,11242
175,CT,21,23811,28498
176,CT,22,16590,26277
177,CT,23,20757,28275
178,CT,24,1015573,203500
179,CT,25,942359,262681
180,CT,26,324093,182849
181,CT,27,392510,146820
182,CT,28,370054,165567
183,CT,29,367534,164757
184,CT,30,483921,239660
185,CT,31,256296,210601
186,DL,1,892,0
187,DL,2,11420,0
188,DL,3,32446,0
189,DL,4,52734,0
190,DL,5,80682,1967
191,DL,6,112963,16306
192,DL,7,76562,20459
193,DL,8,59191,29532
194,DL,9,71391,52494
195,DL,10,80893,70747
196,DL,11,99515,51811
197,DL,12,532730,38432
198,DL,13,493931,75593
199,DL,14,415749,94245
200,DL,15,274836,114710
201,DL,16,216007,145011
202,DL,17,432516,150147
203,DL,18,420102,185393
204,DL,19,472965,104987
205,DL,20,211070,52037
206,DL,21,222480,81145
207,DL,22,267860,155638
208,DL,23,304796,137733
209,DL,24,685715,121819
210,DL,25,837050,206630
211,DL,26,347699,169735
212,DL,27,320221,135129
213,DL,28,155109,172376
214,DL,29,93217,280822
215,DL,30,361519,270569
216,DL,31,506741,329534
217,DN,1,23,0
218,DN,2,257,0
219,DN,3,572,0
220,DN,4,1403,0
221,DN,5,1805,71
222,DN,6,2316,394
223,DN,7,928,209
224,DN,8,3942,1210
225,DN,9,3086,1358
226,DN,10,4011,1348
227,DN,11,3713,680
228,DN,12,12368,1248
229,DN,13,24706,2260
230,DN,14,12834,2401
231,DN,15,4752,2206
232,DN,16,3037,3182
233,DN,17,2813,4205
234,DN,18,9081,5099
235,DN,19,28723,38
236,DN,20,40317,49
237,DN,21,36291,104
238,DN,22,43328,283
239,DN,23,41145,579
240,DN,24,60008,4986
241,DN,25,77257,15723
242,DN,26,47581,12135
243,DN,27,44556,6787
244,DN,28,19373,4797
245,DN,29,24891,3418
246,DN,30,25170,4142
247,DN,31,18093,11509
248,GA,1,50,0
249,GA,2,921,0
250,GA,3,2493,0
251,GA,4,3996,0
252,GA,5,5817,309
253,GA,6,2845,964
254,GA,7,3748,1477
255,GA,8,17024,4156
256,GA,9,18901,4802
257,GA,10,20455,2625
258,GA,11,15441,2831
259,GA,12,19828,4451
260,GA,13,28866,9070
261,GA,14,51493,14593
262,GA,15,45666,16298
263,GA,16,44461,11688
264,GA,17,27329,9744
265,GA,18,32909,11207
266,GA,19,47020,453
267,GA,20,37256,293
268,GA,21,41010,1289
269,GA,22,56267,1598
270,GA,23,122640,3077
271,GA,24,101915,6866
272,GA,25,104524,20017
273,GA,26,64429,38377
274,GA,27,58469,42474
275,GA,28,37450,36859
276,GA,29,41482,26878
277,GA,30,32680,22663
278,GA,31,25430,34850
279,GJ,1,1249,0
280,GJ,2,43624,0
281,GJ,3,166678,0
282,GJ,4,237260,0
283,GJ,5,310988,2
284,GJ,6,50916,58540
285,GJ,7,11018,109044
286,GJ,8,592876,163278
287,GJ,9,540133,183111
288,GJ,10,869323,100063
289,GJ,11,1506501,33746
290,GJ,12,1718471,141764
291,GJ,13,1933596,283697
292,GJ,14,938722,342208
293,GJ,15,574344,525097
294,GJ,16,596883,646257
295,GJ,17,584044,617574
296,GJ,18,536418,638157
297,GJ,19,298440,55584
298,GJ,20,1122629,192021
299,GJ,21,1281070,195889
300,GJ,22,1606954,260016
301,GJ,23,1594163,241213
302,GJ,24,2214681,539058
303,GJ,25,1322045,573446
304,GJ,26,719894,364369
305,GJ,27,1189438,524363
306,GJ,28,1390917,574960
307,GJ,29,1388115,574033
308,GJ,30,2119509,813396
309,GJ,31,2758409,872633
310,HP,1,202,0
311,HP,2,5194,0
312,HP,3,17391,0
313,HP,4,26548,0
314,HP,5,27408,449
315,HP,6,17826,11382
316,HP,7,6358,8662
317,HP,8,19965,24530
318,HP,9,45478,18159
319,HP,10,86720,16137
320,HP,11,96216,6943
321,HP,12,171215,4517
322,HP,13,316877,14656
323,HP,14,306340,28920
324,HP,15,211198,48268
325,HP,16,207336,78505
326,HP,17,136934,98532
327,HP,18,85340,73015
328,HP,19,116814,552
329,HP,20,94894,381
330,HP,21,92799,582
331,HP,22,62900,1784
332,HP,23,226888,4330
333,HP,24,631361,31560
334,HP,25,368035,135788
335,HP,26,44938,250204
336,HP,27,81829,181931
337,HP,28,235879,127003
338,HP,29,208385,106633
339,HP,30,240951,87535
340,HP,31,760570,152737
341,HR,1,1864,0
342,HR,2,41486,0
343,HR,3,51793,0
344,HR,4,13821,0
345,HR,5,68718,590
346,HR,6,26450,18663
347,HR,7,13841,42413
348,HR,8,43546,12757
349,HR,9,106522,28108
350,HR,10,353390,25684
351,HR,11,368204,14043
352,HR,12,504758,17302
353,HR,13,494257,35052
354,HR,14,617594,121770
355,HR,15,325976,154159
356,HR,16,179394,94592
357,HR,17,361976,149404
358,HR,18,403805,201816
359,HR,19,434462,29461
360,HR,20,404594,42523
361,HR,21,389453,29997
362,HR,22,481040,44666
363,HR,23,493967,83130
364,HR,24,951790,151909
365,HR,25,672968,256587
366,HR,26,299067,188721
367,HR,27,409281,251858
368,HR,28,281337,192072
369,HR,29,523051,318346
370,HR,30,633916,336860
371,HR,31,539785,349022
372,JH,1,326,0
373,JH,2,3620,0
374,JH,3,25946,0
375,JH,4,53414,0
376,JH,5,106371,1906
377,JH,6,62509,9222
378,JH,7,29696,11489
379,JH,8,58080,35603
380,JH,9,99308,76634
381,JH,10,243479,66661
382,JH,11,624882,33110
383,JH,12,145431,14437
384,JH,13,453537,31553
385,JH,14,411287,48709
386,JH,15,150172,72590
387,JH,16,92588,72261
388,JH,17,62769,78407
389,JH,18,155611,90243
390,JH,19,312272,11885
391,JH,20,216645,22766
392,JH,21,299606,37729
393,JH,22,465843,44856
394,JH,23,536342,105671
395,JH,24,756955,114507
396,JH,25,400766,96600
397,JH,26,405923,165906
398,JH,27,410646,196571
399,JH,28,314976,120545
400,JH,29,638458,198014
401,JH,30,462695,141820
402,JH,31,520945,167562
403,JK,1,447,0
404,JK,2,5146,0
405,JK,3,15668,0
406,JK,4,19648,0
407,JK,5,76768,722
408,JK,6,68420,5536
409,JK,7,36289,9429
410,JK,8,66458,9418
411,JK,9,73822,31109
412,JK,10,107215,54887
413,JK,11,113114,34887
414,JK,12,154072,13534
415,JK,13,358537,31203
416,JK,14,263001,39658
417,JK,15,332605,75128
418,JK,16,304779,74739
419,JK,17,240266,100981
420,JK,18,77052,51755
421,JK,19,104877,4427
422,JK,20,281672,5436
423,JK,21,196504,22221
424,JK,22,172502,17637
425,JK,23,282829,19319
426,JK,24,291914,37027
427,JK,25,369468,107633
428,JK,26,280445,74628
429,JK,27,219413,148004
430,JK,28,174117,164160
431,JK,29,219244,175570
432,JK,30,328255,146468
433,JK,31,311680,117916
434,KA,1,3810,0
435,KA,2,80775,0
436,KA,3,161853,0
437,KA,4,75083,0
438,KA,5,114149,15
439,KA,6,111109,117066
440,KA,7,64556,104609
441,KA,8,67269,23113
442,KA,9,316522,80994
443,KA,10,1003866,70724
444,KA,11,856080,46189
445,KA,12,1116446,36523
446,KA,13,1530544,85162
447,KA,14,947057,178371
448,KA,15,989996,410957
449,KA,16,739375,444730
450,KA,17,398587,421364
451,KA,18,350127,477435
452,KA,19,480735,119400
453,KA,20,1217660,104379
454,KA,21,1580584,141383
455,KA,22,1678867,144767
456,KA,23,1320335,208824
457,KA,24,2883750,317149
458,KA,25,1512669,504248
459,KA,26,1252304,627216
460,KA,27,1097069,595421
461,KA,28,934464,642256
462,KA,29,956340,626938
463,KA,30,1626937,766505
464,KA,31,1193412,541653
465,KL,1,1681,0
466,KL,2,20263,0
467,KL,3,112281,0
468,KL,4,137506,0
469,KL,5,66436,0
470,KL,6,68561,38833
471,KL,7,82385,65387
472,KL,8,266903,82935
473,KL,9,286070,92459
474,KL,10,390816,70974
475,KL,11,467076,38955
476,KL,12,1516422,32540
477,KL,13,854454,70813
478,KL,14,887737,181061
479,KL,15,629977,365230
480,KL,16,281158,316503
481,KL,17,117554,409013
482,KL,18,238917,226940
483,KL,19,197568,28873
484,KL,20,546842,24248
485,KL,21,887365,112227
486,KL,22,885676,80716
487,KL,23,733256,188591
488,KL,24,829185,550951
489,KL,25,656728,624472
490,KL,26,381780,520910
491,KL,27,445090,538167
492,KL,28,887317,926404
493,KL,29,1234251,466643
494,KL,30,1305579,311750
495,KL,31,1864857,292218
496,LA,1,9,0
497,LA,2,321,0
498,LA,3,629,0
499,LA,4,858,0
500,LA,5,1014,71
501,LA,6,2952,529
502,LA,7,3629,329
503,LA,8,4975,1049
504,LA,9,16350,926
505,LA,10,7582,2367
506,LA,11,1399,1382
507,LA,12,12989,-22
508,LA,13,11811,1282
509,LA,14,2639,2749
510,LA,15,4557,14163
511,LA,16,3270,9633
512,LA,17,8048,2030
513,LA,18,3613,764
514,LA,19,8160,7
515,LA,20,22031,20
516,LA,21,23530,33
517,LA,22,13316,69
518,LA,23,8127,96
519,LA,24,6862,9816
520,LA,25,5132,11037
521,LA,26,7582,2400
522,LA,27,3585,1439
523,LA,28,800,1102
524,LA,29,1311,4375
525,LA,30,1345,2313
526,LA,31,1109,2866
527,LD,1,16,0
528,LD,2,718,0
529,LD,3,73,0
530,LD,4,26,0
531,LD,5,742,0
532,LD,6,114,81
533,LD,7,135,26
534,LD,8,115,32
535,LD,9,1066,720
536,LD,10,623,628
537,LD,11,539,194
538,LD,12,1411,140
539,LD,13,4572,736
540,LD,14,4011,427
541,LD,15,3092,785
542,LD,16,1917,505
543,LD,17,1070,1179
544,LD,18,1212,1353
545,LD,19,1654,115
546,LD,20,2086,23
547,LD,21,6130,28
548,LD,22,7684,105
549,LD,23,5120,81
550,LD,24,2127,325
551,LD,25,831,1065
552,LD,26,852,2122
553,LD,27,1010,2340
554,LD,28,692,1432
555,LD,29,600,1529
556,LD,30,613,890
557,LD,31,827,1014
558,MH,1,5726,0
559,MH,2,63569,0
560,MH,3,164398,0
561,MH,4,202536,0
562,MH,5,216572,170
563,MH,6,215443,45244
564,MH,7,160121,113244
565,MH,8,296899,100919
566,MH,9,681065,152199
567,MH,10,942257,177480
568,MH,11,1073250,128956
569,MH,12,2474201,74323
570,MH,13,2473839,160842
571,MH,14,1879952,335766
572,MH,15,1477045,613961
573,MH,16,1310209,752567
574,MH,17,991799,662868
575,MH,18,1077530,888011
576,MH,19,627715,181306
577,MH,20,1375447,133559
578,MH,21,1568454,250105
579,MH,22,1415689,401441
580,MH,23,1440773,309258
581,MH,24,2912137,503333
582,MH,25,2025706,870945
583,MH,26,1527907,887485
584,MH,27,1738839,1298785
585,MH,28,1017462,801039
586,MH,29,1811093,1348164
587,MH,30,1571135,755234
588,MH,31,1644580,866488
589,ML,1,102,0
590,ML,2,607,0
591,ML,3,2361,0
592,ML,4,2515,0
593,ML,5,7320,91
594,ML,6,16523,1592
595,ML,7,10786,1923
596,ML,8,7128,1902
597,ML,9,10312,5466
598,ML,10,10290,10536
599,ML,11,10160,10000
600,ML,12,7139,1367
601,ML,13,17841,5365
602,ML,14,22441,5708
603,ML,15,32140,7907
604,ML,16,79815,8679
605,ML,17,37901,7371
606,ML,18,51381,6154
607,ML,19,33455,92
608,ML,20,29111,168
609,ML,21,12953,141
610,ML,22,24645,226
611,ML,23,87909,383
612,ML,24,72202,1434
613,ML,25,62869,6993
614,ML,26,62582,14007
615,ML,27,64914,22242
616,ML,28,58666,44507
617,ML,29,52216,34162
618,ML,30,44129,27889
619,ML,31,36387,31054
620,MN,1,181,0
621,MN,2,916,0
622,MN,3,1836,0
623,MN,4,4048,0
624,MN,5,13830,55
625,MN,6,16712,1299
626,MN,7,10789,899
627,MN,8,13567,2286
628,MN,9,7923,5503
629,MN,10,5794,9586
630,MN,11,5835,10125
631,MN,12,1764,4015
632,MN,13,5619,9618
633,MN,14,13302,6624
634,MN,15,22319,5755
635,MN,16,77829,5937
636,MN,17,61348,5193
637,MN,18,43660,2830
638,MN,19,36440,341
639,MN,20,36977,270
640,MN,21,40799,580
641,MN,22,44617,516
642,MN,23,26947,711
643,MN,24,37680,905
644,MN,25,113145,2642
645,MN,26,132645,8924
646,MN,27,146530,19403
647,MN,28,106194,53225
648,MN,29,79047,48176
649,MN,30,42589,33042
650,MN,31,23004,27890
651,MP,1,9435,0
652,MP,2,28993,0
653,MP,3,246354,0
654,MP,4,48050,0
655,MP,5,215440,3
656,MP,6,83365,3806
657,MP,7,13079,155853
658,MP,8,173094,72374
659,MP,9,244648,102524
660,MP,10,721547,121546
661,MP,11,762733,40898
662,MP,12,964061,35577
663,MP,13,1355695,65850
664,MP,14,1680423,158824
665,MP,15,395867,195346
666,MP,16,100502,151316
667,MP,17,158351,328523
668,MP,18,271204,258266
669,MP,19,554907,62412
670,MP,20,1070688,31114
671,MP,21,1698452,48389
672,MP,22,1159215,109117
673,MP,23,1008031,112871
674,MP,24,4480345,302148
675,MP,25,1337997,455718
676,MP,26,1345678,976357
677,MP,27,1040003,225132
678,MP,28,2118982,534334
679,MP,29,3543073,620699
680,MP,30,2381061,472778
681,MP,31,2453364,451853
682,MZ,1,105,0
683,MZ,2,1765,0
684,MZ,3,6107,0
685,MZ,4,1493,0
686,MZ,5,709,75
687,MZ,6,4505,2159
688,MZ,7,7238,3398
689,MZ,8,12105,3543
690,MZ,9,11726,939
691,MZ,10,6739,2017
692,MZ,11,3005,1460
693,MZ,12,1012,1015
694,MZ,13,17093,6977
695,MZ,14,48566,10105
696,MZ,15,48597,8657
697,MZ,16,43101,4472
698,MZ,17,17299,2215
699,MZ,18,7638,3935
700,MZ,19,13396,16
701,MZ,20,10097,104
702,MZ,21,10024,128
703,MZ,22,19548,1104
704,MZ,23,84164,335
705,MZ,24,121109,586
706,MZ,25,43352,6433
707,MZ,26,42814,28389
708,MZ,27,25979,39446
709,MZ,28,17275,44035
710,MZ,29,12487,25407
711,MZ,30,14266,8002
712,MZ,31,6795,12739
713,NL,1,94,0
714,NL,2,1480,0
715,NL,3,1955,0
716,NL,4,563,0
717,NL,5,4949,0
718,NL,6,10760,3438
719,NL,7,7607,1562
720,NL,8,4492,549
721,NL,9,6971,3567
722,NL,10,7507,5901
723,NL,11,8497,5999
724,NL,12,5098,1487
725,NL,13,15361,3643
726,NL,14,33191,4381
727,NL,15,28707,4520
728,NL,16,22323,5243
729,NL,17,12673,6099
730,NL,18,9820,5388
731,NL,19,13442,78
732,NL,20,15068,75
733,NL,21,19283,119
734,NL,22,50681,299
735,NL,23,61452,700
736,NL,24,61613,1797
737,NL,25,52805,9622
738,NL,26,45765,23291
739,NL,27,42855,25080
740,NL,28,47226,22436
741,NL,29,23702,13892
742,NL,30,13878,7811
743,NL,31,9561,10963
744,OR,1,3420,0
745,OR,2,85672,0
746,OR,3,69237,0
747,OR,4,62072,0
748,OR,5,139802,3
749,OR,6,59049,70538
750,OR,7,21283,62750
751,OR,8,138775,31964
752,OR,9,221962,104007
753,OR,10,510834,53989
754,OR,11,430553,26073
755,OR,12,650768,45388
756,OR,13,1210986,88834
757,OR,14,656520,119490
758,OR,15,472718,190291
759,OR,16,204496,140252
760,OR,17,118250,200530
761,OR,18,199788,271268
762,OR,19,403837,35874
763,OR,20,578266,29373
764,OR,21,539813,34276
765,OR,22,569870,124846
766,OR,23,671263,176927
767,OR,24,1497362,215934
768,OR,25,479221,183594
769,OR,26,730829,510608
770,OR,27,463002,355093
771,OR,28,597236,536092
772,OR,29,796722,307479
773,OR,30,1143479,234799
774,OR,31,1282572,324652
775,PB,1,339,0
776,PB,2,16180,0
777,PB,3,29129,0
778,PB,4,18751,0
779,PB,5,27589,62
780,PB,6,24720,12229
781,PB,7,32491,20203
782,PB,8,59316,13338
783,PB,9,85862,18972
784,PB,10,151231,19958
785,PB,11,207963,16206
786,PB,12,380030,17945
787,PB,13,584632,32394
788,PB,14,527457,55250
789,PB,15,470970,101050
790,PB,16,405841,135508
791,PB,17,251366,142759
792,PB,18,215032,120393
793,PB,19,154749,20148
794,PB,20,163372,35310
795,PB,21,272281,31263
796,PB,22,290780,24039
797,PB,23,165350,33066
798,PB,24,611485,117069
799,PB,25,564016,216170
800,PB,26,334440,158426
801,PB,27,440082,208682
802,PB,28,234134,199921
803,PB,29,472618,212914
804,PB,30,668889,239647
805,PB,31,544924,315711
806,PY,1,91,0
807,PY,2,697,0
808,PY,3,1203,0
809,PY,4,895,0
810,PY,5,2202,48
811,PY,6,3638,645
812,PY,7,1021,375
813,PY,8,4668,984
814,PY,9,8145,1351
815,PY,10,14590,1787
816,PY,11,17329,885
817,PY,12,17832,1280
818,PY,13,12729,1883
819,PY,14,62153,3889
820,PY,15,10217,5917
821,PY,16,7909,8976
822,PY,17,6010,10538
823,PY,18,5851,10155
824,PY,19,10247,405
825,PY,20,17850,280
826,PY,21,21649,513
827,PY,22,35886,1184
828,PY,23,78806,3058
829,PY,24,59854,6869
830,PY,25,35283,9080
831,PY,26,24100,34636
832,PY,27,36157,19851
833,PY,28,26270,9889
834,PY,29,24703,6520
835,PY,30,23033,4694
836,PY,31,18666,6396
837,RJ,1,3285,0
838,RJ,2,44630,0
839,RJ,3,260008,0
840,RJ,4,126859,0
841,RJ,5,150788,0
842,RJ,6,187668,36825
843,RJ,7,16240,184117
844,RJ,8,915155,98478
845,RJ,9,648245,124376
846,RJ,10,1127685,189443
847,RJ,11,1112215,27122
848,RJ,12,975225,141525
849,RJ,13,2880719,312989
850,RJ,14,881931,250727
851,RJ,15,967612,543249
852,RJ,16,537635,339558
853,RJ,17,599274,403010
854,RJ,18,716229,332660
855,RJ,19,767046,41975
856,RJ,20,750240,65050
857,RJ,21,776273,126025
858,RJ,22,1828120,116780
859,RJ,23,1206696,55582
860,RJ,24,2710837,407036
861,RJ,25,1138425,540541
862,RJ,26,334966,330302
863,RJ,27,1161326,847280
864,RJ,28,1095512,763765
865,RJ,29,1051186,1218175
866,RJ,30,1738717,747531
867,RJ,31,1821035,739438
868,SK,1,7,0
869,SK,2,292,0
870,SK,3,1408,0
871,SK,4,3382,0
872,SK,5,2953,0
873,SK,6,4180,699
874,SK,7,5425,766
875,SK,8,7574,2791
876,SK,9,13895,3329
877,SK,10,12503,2529
878,SK,11,8783,2809
879,SK,12,5816,-261
880,SK,13,33745,2576
881,SK,14,39431,5491
882,SK,15,14185,11141
883,SK,16,7785,11726
884,SK,17,3408,10773
885,SK,18,1428,5225
886,SK,19,8466,43
887,SK,20,4572,16
888,SK,21,676,61
889,SK,22,33676,85
890,SK,23,85132,112
891,SK,24,72812,1686
892,SK,25,44863,23584
893,SK,26,25728,33281
894,SK,27,22258,17637
895,SK,28,17658,8405
896,SK,29,8590,3601
897,SK,30,6523,2638
898,SK,31,3675,7299
899,TG,1,465,0
900,TG,2,25718,0
901,TG,3,68817,0
902,TG,4,40977,0
903,TG,5,73813,1929
904,TG,6,67727,77733
905,TG,7,13908,48002
906,TG,8,70657,31052
907,TG,9,101039,49366
908,TG,10,136218,11761
909,TG,11,185426,10709
910,TG,12,401078,18384
911,TG,13,577584,47562
912,TG,14,821537,70783
913,TG,15,915083,136500
914,TG,16,657886,125830
915,TG,17,230705,184711
916,TG,18,61390,249388
917,TG,19,3397,9671
918,TG,20,219348,171938
919,TG,21,602025,56939
920,TG,22,1213222,40586
921,TG,23,1196291,42555
922,TG,24,1165899,91356
923,TG,25,1089154,215383
924,TG,26,478232,285436
925,TG,27,450695,421780
926,TG,28,201798,541368
927,TG,29,179307,542890
928,TG,30,340091,410166
929,TG,31,484202,258336
930,TN,1,1091,0
931,TN,2,28431,0
932,TN,3,44191,0
933,TN,4,46571,0
934,TN,5,65392,622
935,TN,6,57506,12663
936,TN,7,27213,20513
937,TN,8,253740,28457
938,TN,9,499087,51217
939,TN,10,621186,59726
940,TN,11,605457,44301
941,TN,12,400044,47878
942,TN,13,422253,103289
943,TN,14,731474,201329
944,TN,15,295747,328446
945,TN,16,268843,378106
946,TN,17,206557,273340
947,TN,18,250455,244039
948,TN,19,236630,47472
949,TN,20,1270195,48856
950,TN,21,1058817,76561
951,TN,22,547475,48342
952,TN,23,1626534,107846
953,TN,24,2056135,195589
954,TN,25,1414933,225981
955,TN,26,514829,211458
956,TN,27,1384479,479712
957,TN,28,1243152,302789
958,TN,29,1498545,392063
959,TN,30,1576672,396479
960,TN,31,1174385,266006
961,TR,1,107,0
962,TR,2,3242,0
963,TR,3,17993,0
964,TR,4,10893,0
965,TR,5,29275,334
966,TR,6,19365,11080
967,TR,7,7214,9588
968,TR,8,18629,7932
969,TR,9,25927,18620
970,TR,10,116361,19131
971,TR,11,303750,8267
972,TR,12,83174,3923
973,TR,13,85000,12390
974,TR,14,45278,22711
975,TR,15,54367,77270
976,TR,16,86924,162825
977,TR,17,45448,111604
978,TR,18,32583,40986
979,TR,19,59022,334
980,TR,20,36084,578
981,TR,21,46963,471
982,TR,22,19783,4493
983,TR,23,236415,24532
984,TR,24,510210,36598
985,TR,25,104894,40919
986,TR,26,59108,32856
987,TR,27,82326,44761
988,TR,28,69473,49589
989,TR,29,150211,43390
990,TR,30,45271,14927
991,TR,31,28407,26677
992,UP,1,2212,0
993,UP,2,28432,0
994,UP,3,402396,0
995,UP,4,205067,0
996,UP,5,226272,2
997,UP,6,272211,100269
998,UP,7,144485,287282
999,UP,8,204710,141651
1000,UP,9,544744,91884
1001,UP,10,1272671,274272
1002,UP,11,1081781,125298
1003,UP,12,1126447,45615
1004,UP,13,1744325,171815
1005,UP,14,1846548,371808
1006,UP,15,677399,387326
1007,UP,16,551585,372185
1008,UP,17,583469,410587
1009,UP,18,808617,480241
1010,UP,19,1182001,84511
1011,UP,20,1639131,105051
1012,UP,21,2080422,177414
1013,UP,22,2559576,167611
1014,UP,23,2403130,228355
1015,UP,24,4542151,298371
1016,UP,25,1646890,498300
1017,UP,26,3591625,977354
1018,UP,27,2461828,724122
1019,UP,28,3349507,687771
1020,UP,29,3306246,581056
1021,UP,30,4712487,601298
1022,UP,31,3049900,788694
1023,UT,1,511,0
1024,UT,2,2727,0
1025,UT,3,20684,0
1026,UT,4,46416,0
1027,UT,5,39628,403
1028,UT,6,28286,7886
1029,UT,7,9846,12215
1030,UT,8,42864,35259
1031,UT,9,66264,29830
1032,UT,10,119424,27835
1033,UT,11,122378,10289
1034,UT,12,225500,15864
1035,UT,13,380519,39425
1036,UT,14,219846,61996
1037,UT,15,194108,91544
1038,UT,16,155973,91535
1039,UT,17,93767,156907
1040,UT,18,196189,99421
1041,UT,19,126923,618
1042,UT,20,116421,2054
1043,UT,21,130434,3882
1044,UT,22,252104,7837
1045,UT,23,218938,37386
1046,UT,24,616128,35808
1047,UT,25,238405,95017
1048,UT,26,235014,127012
1049,UT,27,136605,175502
1050,UT,28,174450,150844
1051,UT,29,260427,119842
1052,UT,30,552522,138712
1053,UT,31,472556,147531
1054,WB,1,1918,0
1055,WB,2,41262,0
1056,WB,3,170838,0
1057,WB,4,109807,0
1058,WB,5,156918,1084
1059,WB,6,139586,43442
1060,WB,7,333553,94321
1061,WB,8,346056,98781
1062,WB,9,692572,120181
1063,WB,10,1049236,123596
1064,WB,11,1101115,131092
1065,WB,12,1117185,95357
1066,WB,13,1712540,210728
1067,WB,14,604467,244081
1068,WB,15,650063,548644
1069,WB,16,462831,656799
1070,WB,17,133816,760535
1071,WB,18,131318,589347
1072,WB,19,318923,96990
1073,WB,20,1133002,49083
1074,WB,21,1683066,77019
1075,WB,22,1471746,97541
1076,WB,23,1115331,221649
1077,WB,24,1643157,463266
1078,WB,25,815188,732087
1079,WB,26,569656,907248
1080,WB,27,835366,1096734
1081,WB,28,946725,734887
1082,WB,29,1350077,486888
1083,WB,30,2121735,388892
1084,WB,31,1856470,318877
